{
  "user": [
    {
      "name": "Meet 4pm",
      "id": 1
    },
    {
      "name": "",
      "id": 2
    },
    {
      "name": "",
      "id": 3
    },
    {
      "name": "",
      "id": 4
    },
    {
      "name": "",
      "id": 5
    },
    {
      "name": "",
      "id": 6
    },
    {
      "name": "",
      "id": 7
    },
    {
      "name": "",
      "id": 8
    },
    {
      "name": "",
      "id": 9
    },
    {
      "name": "",
      "id": 10
    },
    {
      "name": "",
      "id": 11
    },
    {
      "name": "",
      "id": 12
    },
    {
      "name": "",
      "id": 13
    },
    {
      "name": "",
      "id": 14
    },
    {
      "name": "",
      "id": 15
    },
    {
      "name": "",
      "id": 16
    },
    {
      "name": "",
      "id": 17
    },
    {
      "name": "",
      "id": 18
    },
    {
      "name": "",
      "id": 19
    },
    {
      "name": "",
      "id": 20
    },
    {
      "name": "",
      "id": 21
    },
    {
      "name": "",
      "id": 22
    },
    {
      "name": "",
      "id": 23
    },
    {
      "name": "",
      "id": 24
    },
    {
      "name": "",
      "id": 25
    },
    {
      "name": "",
      "id": 26
    },
    {
      "name": "",
      "id": 27
    },
    {
      "name": "",
      "id": 28
    }
  ],
  "signup": [
    {
      "id": 1,
      "name": "Ash",
      "email": "ash@gmail.com",
      "password": "12345"
    },
    {
      "name": "Ash",
      "email": "ayy",
      "password": "aaaa",
      "id": 2
    },
    {
      "name": "ash",
      "email": "ashcigs@gmail.com",
      "password": "12345",
      "id": 3
    },
    {
      "name": "ash",
      "email": "ashcigs@gmail.com",
      "password": "12345",
      "id": 4
    },
    {
      "name": "swdad",
      "email": "dasdas@dasd.dsa",
      "password": "dasdsad",
      "id": 5
    },
    {
      "name": "swdad",
      "email": "dasdas@dasd.dsa",
      "password": "dasdsad",
      "id": 6
    },
    {
      "id": 7
    },
    {
      "name": "fsdf",
      "email": "fsdfsd@da",
      "password": "dasds",
      "id": 8
    },
    {
      "id": 9
    },
    {
      "name": "sahid Check",
      "email": "sahid@gmail.com",
      "password": "werew",
      "id": 10
    },
    {
      "name": "",
      "email": "",
      "password": "",
      "id": 11
    },
    {
      "name": "",
      "email": "",
      "password": "",
      "id": 12
    },
    {
      "name": "",
      "email": "",
      "password": "",
      "id": 13
    },
    {
      "name": "",
      "email": "",
      "password": "",
      "id": 14
    },
    {
      "name": "",
      "email": "",
      "password": "",
      "id": 15
    },
    {
      "name": "",
      "email": "",
      "password": "",
      "id": 16
    },
    {
      "name": "",
      "email": "",
      "password": "",
      "id": 17
    },
    {
      "name": "",
      "email": "",
      "password": "",
      "id": 18
    },
    {
      "name": "sahid",
      "email": "dsadsa@dasda",
      "password": "asdasda",
      "id": 19
    }
  ]
}